EmployeeID,FullName,Gender,DateOfBirth,MaritalStatus,EducationLevel
1,Employee_1,Female,2019-01-26,Single,Master
2,Employee_2,Male,2013-05-18,Single,Bachelor
3,Employee_3,Male,2000-06-10,Single,MBA
4,Employee_4,Male,2008-08-05,Married,Master
5,Employee_5,Male,2003-10-12,Married,MBA
6,Employee_6,Male,2019-12-03,Married,MBA
7,Employee_7,Male,2016-09-28,Married,Bachelor
8,Employee_8,Male,2016-09-04,Single,Master
9,Employee_9,Male,2002-02-16,Married,MBA
10,Employee_10,Male,2006-09-08,Married,Bachelor
11,Employee_11,Male,2006-08-26,Married,Master
12,Employee_12,Male,2002-08-20,Single,Intermediate
13,Employee_13,Male,2009-10-25,Single,Master
14,Employee_14,Female,2013-12-06,Married,Bachelor
15,Employee_15,Male,1999-10-29,Married,Intermediate
16,Employee_16,Male,2018-06-11,Single,MBA
17,Employee_17,Male,2003-03-19,Married,Master
18,Employee_18,Female,1999-04-05,Married,Bachelor
19,Employee_19,Female,2009-12-17,Married,Bachelor
20,Employee_20,Male,2006-04-27,Married,Intermediate
21,Employee_21,Female,2012-04-20,Married,Bachelor
22,Employee_22,Female,2010-12-06,Married,Master
23,Employee_23,Male,2012-08-11,Married,Master
24,Employee_24,Male,2002-08-28,Married,Intermediate
25,Employee_25,Female,2017-12-15,Single,Intermediate
26,Employee_26,Male,2012-07-18,Married,MBA
27,Employee_27,Male,2000-03-15,Single,Master
28,Employee_28,Male,2009-10-19,Single,Intermediate
29,Employee_29,Male,2014-02-14,Married,MBA
30,Employee_30,Female,2018-12-17,Single,MBA
31,Employee_31,Female,2015-01-11,Single,Intermediate
32,Employee_32,Male,2008-11-30,Single,MBA
33,Employee_33,Female,2016-05-09,Married,Bachelor
34,Employee_34,Male,2007-08-31,Single,Bachelor
35,Employee_35,Male,2015-03-05,Married,MBA
36,Employee_36,Female,2006-10-04,Single,Master
37,Employee_37,Female,2017-08-30,Single,Intermediate
38,Employee_38,Male,2001-12-24,Single,Bachelor
39,Employee_39,Male,2001-07-19,Single,Master
40,Employee_40,Male,2015-07-13,Single,Master
41,Employee_41,Female,2020-05-12,Single,MBA
42,Employee_42,Male,2013-03-04,Married,Intermediate
43,Employee_43,Male,2019-11-26,Single,Master
44,Employee_44,Male,2011-11-10,Married,Master
45,Employee_45,Male,2003-11-18,Married,Bachelor
46,Employee_46,Female,2006-08-21,Single,Intermediate
47,Employee_47,Male,2006-07-16,Married,MBA
48,Employee_48,Female,2002-11-24,Single,MBA
49,Employee_49,Male,2003-05-09,Single,Master
50,Employee_50,Male,2005-04-16,Single,Master
51,Employee_51,Male,2010-03-13,Single,Intermediate
52,Employee_52,Male,2002-09-04,Married,Master
53,Employee_53,Male,2012-02-26,Single,Master
54,Employee_54,Male,2013-10-27,Single,Master
55,Employee_55,Male,2008-08-06,Married,Intermediate
56,Employee_56,Male,2009-06-20,Single,Bachelor
57,Employee_57,Male,2011-12-03,Single,Bachelor
58,Employee_58,Male,2019-11-06,Single,MBA
59,Employee_59,Male,2007-10-18,Married,Bachelor
60,Employee_60,Male,2016-08-02,Single,MBA
61,Employee_61,Male,2019-05-28,Married,Bachelor
62,Employee_62,Male,2013-04-29,Married,Bachelor
63,Employee_63,Male,2014-04-27,Single,Master
64,Employee_64,Male,2008-01-29,Single,Bachelor
65,Employee_65,Male,2005-07-15,Married,Bachelor
66,Employee_66,Male,2018-09-03,Married,MBA
67,Employee_67,Male,2000-10-30,Single,Bachelor
68,Employee_68,Male,2006-01-15,Married,MBA
69,Employee_69,Male,2018-08-07,Married,Master
70,Employee_70,Male,2014-07-31,Married,Master
71,Employee_71,Female,2004-03-18,Married,MBA
72,Employee_72,Female,2017-06-29,Single,Master
73,Employee_73,Male,2017-04-12,Single,Bachelor
74,Employee_74,Male,2008-05-22,Married,MBA
75,Employee_75,Female,2016-12-06,Married,MBA
76,Employee_76,Male,2012-10-15,Married,Bachelor
77,Employee_77,Male,2009-05-11,Married,Master
78,Employee_78,Male,2018-10-06,Single,Master
79,Employee_79,Female,2018-03-21,Married,MBA
80,Employee_80,Female,2016-02-18,Married,MBA
81,Employee_81,Female,2011-12-26,Married,Bachelor
82,Employee_82,Male,2010-08-30,Single,MBA
83,Employee_83,Female,2006-03-02,Single,Intermediate
84,Employee_84,Male,2007-04-10,Married,Bachelor
85,Employee_85,Male,2007-01-08,Single,Intermediate
86,Employee_86,Female,2010-04-20,Single,Bachelor
87,Employee_87,Male,2002-09-22,Married,MBA
88,Employee_88,Female,2014-04-03,Single,MBA
89,Employee_89,Male,2007-08-31,Single,Master
90,Employee_90,Male,2011-08-31,Married,Bachelor
91,Employee_91,Female,2016-02-02,Single,Bachelor
92,Employee_92,Male,2015-04-22,Married,Intermediate
93,Employee_93,Male,2012-07-24,Single,MBA
94,Employee_94,Male,2014-07-01,Single,MBA
95,Employee_95,Male,2012-03-07,Married,Intermediate
96,Employee_96,Male,2020-03-10,Married,Bachelor
97,Employee_97,Male,2006-01-28,Married,Master
98,Employee_98,Female,2015-03-22,Single,Intermediate
99,Employee_99,Female,1999-12-28,Single,MBA
100,Employee_100,Male,2013-02-04,Single,Intermediate
101,Employee_101,Female,2007-04-24,Married,Master
102,Employee_102,Male,1999-07-07,Married,Master
103,Employee_103,Male,2017-07-14,Married,Bachelor
104,Employee_104,Male,2009-09-28,Single,Bachelor
105,Employee_105,Male,2003-10-13,Single,Bachelor
106,Employee_106,Male,2003-01-09,Married,Intermediate
107,Employee_107,Female,2019-11-12,Married,Master
108,Employee_108,Male,2014-06-27,Married,Master
109,Employee_109,Female,2004-03-16,Single,MBA
110,Employee_110,Male,2014-07-26,Married,Intermediate
111,Employee_111,Male,2010-06-07,Married,Bachelor
112,Employee_112,Male,2011-06-22,Single,Master
113,Employee_113,Male,2002-05-11,Married,MBA
114,Employee_114,Male,2006-10-05,Single,Intermediate
115,Employee_115,Male,2009-06-26,Single,Bachelor
116,Employee_116,Female,2016-11-04,Single,MBA
117,Employee_117,Female,2012-03-30,Married,Master
118,Employee_118,Male,2005-12-26,Married,Intermediate
119,Employee_119,Male,2014-09-30,Single,Master
120,Employee_120,Female,2013-09-19,Married,MBA
121,Employee_121,Male,2019-09-30,Single,MBA
122,Employee_122,Male,2021-01-12,Married,MBA
123,Employee_123,Male,2013-06-21,Single,MBA
124,Employee_124,Male,2001-06-09,Married,Master
125,Employee_125,Male,2002-11-30,Single,Bachelor
126,Employee_126,Male,2006-12-08,Married,Intermediate
127,Employee_127,Male,2003-09-21,Single,Master
128,Employee_128,Male,2006-12-19,Married,MBA
129,Employee_129,Male,2009-03-21,Single,Intermediate
130,Employee_130,Male,2008-04-26,Married,Master
131,Employee_131,Male,2000-10-02,Single,Master
132,Employee_132,Male,2007-10-13,Single,Intermediate
133,Employee_133,Male,2019-01-09,Married,MBA
134,Employee_134,Male,2013-05-15,Married,Bachelor
135,Employee_135,Female,2012-12-31,Married,MBA
136,Employee_136,Female,2005-05-14,Single,Master
137,Employee_137,Male,2003-08-23,Married,Intermediate
138,Employee_138,Male,2004-10-31,Married,Intermediate
139,Employee_139,Male,2019-01-23,Single,Bachelor
140,Employee_140,Female,2018-01-26,Married,Intermediate
141,Employee_141,Male,2001-12-11,Married,MBA
142,Employee_142,Female,2006-12-09,Married,Intermediate
143,Employee_143,Male,2001-08-13,Married,MBA
144,Employee_144,Male,2004-06-14,Married,Intermediate
145,Employee_145,Female,2010-02-12,Single,Intermediate
146,Employee_146,Male,2013-11-30,Single,MBA
147,Employee_147,Male,2009-11-17,Single,Intermediate
148,Employee_148,Male,2010-05-30,Married,Intermediate
149,Employee_149,Male,2006-02-19,Single,Intermediate
150,Employee_150,Male,2010-08-16,Married,Bachelor
151,Employee_151,Male,2003-08-13,Single,Intermediate
152,Employee_152,Male,2010-01-17,Single,Bachelor
153,Employee_153,Female,2003-04-26,Married,MBA
154,Employee_154,Female,2001-02-27,Single,MBA
155,Employee_155,Male,2008-08-26,Married,MBA
156,Employee_156,Female,2006-10-17,Married,MBA
157,Employee_157,Male,2013-01-20,Married,MBA
158,Employee_158,Female,2017-10-19,Single,MBA
159,Employee_159,Male,2008-08-01,Single,Intermediate
160,Employee_160,Male,2007-02-22,Single,Intermediate
161,Employee_161,Male,2016-02-26,Single,Bachelor
162,Employee_162,Female,2011-06-19,Single,MBA
163,Employee_163,Female,2000-03-31,Single,MBA
164,Employee_164,Male,2011-02-07,Married,Master
165,Employee_165,Male,2019-11-03,Married,Master
166,Employee_166,Male,1999-07-23,Single,MBA
167,Employee_167,Male,2018-11-09,Single,MBA
168,Employee_168,Female,2009-02-13,Single,Master
169,Employee_169,Female,2005-01-25,Married,Master
170,Employee_170,Male,2017-01-27,Single,Master
171,Employee_171,Male,2013-10-08,Single,Bachelor
172,Employee_172,Male,2012-06-07,Married,Bachelor
173,Employee_173,Female,2006-02-12,Married,Master
174,Employee_174,Female,2013-08-28,Married,Intermediate
175,Employee_175,Female,2007-05-12,Married,Intermediate
176,Employee_176,Male,2016-01-24,Single,MBA
177,Employee_177,Female,2014-07-16,Married,MBA
178,Employee_178,Female,2003-10-07,Single,Intermediate
179,Employee_179,Male,2002-04-30,Married,Master
180,Employee_180,Female,2004-02-14,Married,Master
181,Employee_181,Male,2010-08-17,Single,Master
182,Employee_182,Male,2019-02-18,Single,Bachelor
183,Employee_183,Male,2002-07-27,Married,MBA
184,Employee_184,Male,2000-05-30,Single,Master
185,Employee_185,Male,2007-07-30,Married,Bachelor
186,Employee_186,Male,2000-07-18,Single,Intermediate
187,Employee_187,Male,2001-06-02,Single,Bachelor
188,Employee_188,Male,2004-12-05,Married,Intermediate
189,Employee_189,Male,2004-03-27,Married,Bachelor
190,Employee_190,Female,2008-02-27,Single,MBA
191,Employee_191,Male,2002-08-03,Single,Bachelor
192,Employee_192,Male,2016-02-11,Married,Master
193,Employee_193,Female,2008-09-16,Married,Bachelor
194,Employee_194,Female,2008-04-13,Single,Master
195,Employee_195,Female,2013-03-19,Married,MBA
196,Employee_196,Male,2000-02-22,Married,Intermediate
197,Employee_197,Male,2013-03-15,Married,Bachelor
198,Employee_198,Male,2009-05-07,Married,MBA
199,Employee_199,Male,2006-10-10,Married,MBA
200,Employee_200,Male,2015-09-16,Single,Intermediate
201,Employee_201,Male,2012-12-02,Single,MBA
202,Employee_202,Male,2018-01-16,Married,Master
203,Employee_203,Female,2008-04-07,Single,MBA
204,Employee_204,Male,2012-04-26,Married,Bachelor
205,Employee_205,Female,2007-01-10,Single,Intermediate
206,Employee_206,Male,2013-03-12,Single,Bachelor
207,Employee_207,Male,2007-10-02,Single,Intermediate
208,Employee_208,Male,2015-04-25,Single,Intermediate
209,Employee_209,Female,2009-11-29,Single,Intermediate
210,Employee_210,Male,2010-02-12,Single,Master
211,Employee_211,Male,2000-03-20,Single,Bachelor
212,Employee_212,Female,2011-09-06,Single,Intermediate
213,Employee_213,Female,2015-07-25,Single,Intermediate
214,Employee_214,Female,2009-02-13,Married,Master
215,Employee_215,Male,2013-07-30,Single,Bachelor
216,Employee_216,Female,2004-10-09,Single,MBA
217,Employee_217,Female,2014-05-27,Married,MBA
218,Employee_218,Male,2004-11-11,Married,Master
219,Employee_219,Male,2016-05-28,Married,Bachelor
220,Employee_220,Male,2001-04-10,Married,Intermediate
221,Employee_221,Female,2002-02-11,Married,Bachelor
222,Employee_222,Male,2012-06-19,Married,Master
223,Employee_223,Male,2008-05-27,Single,Intermediate
224,Employee_224,Female,2010-01-24,Single,Master
225,Employee_225,Male,2019-12-11,Married,Bachelor
226,Employee_226,Male,2002-10-21,Married,Master
227,Employee_227,Male,2018-05-03,Married,MBA
228,Employee_228,Male,2011-01-22,Married,Master
229,Employee_229,Male,2013-03-03,Married,Master
230,Employee_230,Female,2004-12-28,Married,Bachelor
231,Employee_231,Female,2016-06-27,Single,MBA
232,Employee_232,Male,2015-07-07,Married,Bachelor
233,Employee_233,Male,2016-02-17,Married,Master
234,Employee_234,Male,2010-06-30,Single,Master
235,Employee_235,Male,2001-03-31,Married,Master
236,Employee_236,Male,2015-11-03,Married,MBA
237,Employee_237,Male,2011-05-13,Single,Master
238,Employee_238,Male,2004-05-01,Single,MBA
239,Employee_239,Male,2004-07-22,Single,Master
240,Employee_240,Male,2020-12-12,Married,Bachelor
241,Employee_241,Male,2009-11-04,Married,Intermediate
242,Employee_242,Male,2017-10-01,Married,Bachelor
243,Employee_243,Male,2006-04-07,Married,Intermediate
244,Employee_244,Male,2018-12-27,Single,Intermediate
245,Employee_245,Male,2005-05-10,Married,Master
246,Employee_246,Male,2007-01-17,Single,Bachelor
247,Employee_247,Female,2018-03-09,Single,Master
248,Employee_248,Female,2002-08-29,Single,Master
249,Employee_249,Male,1999-04-26,Married,MBA
250,Employee_250,Male,2004-12-25,Single,Bachelor
251,Employee_251,Male,2011-10-26,Single,Master
252,Employee_252,Female,2013-03-10,Married,Master
253,Employee_253,Male,2015-03-28,Married,Bachelor
254,Employee_254,Male,2018-03-11,Single,MBA
255,Employee_255,Male,2014-11-28,Married,Master
256,Employee_256,Female,2004-07-29,Married,Bachelor
257,Employee_257,Male,1999-07-05,Single,Intermediate
258,Employee_258,Male,2008-02-26,Married,Master
259,Employee_259,Male,1999-10-20,Single,MBA
260,Employee_260,Female,2010-09-06,Single,MBA
261,Employee_261,Male,2010-02-19,Single,Bachelor
262,Employee_262,Male,2005-12-07,Married,Bachelor
263,Employee_263,Male,2019-08-31,Married,Master
264,Employee_264,Male,2001-07-25,Single,Intermediate
265,Employee_265,Male,2003-03-01,Married,Bachelor
266,Employee_266,Male,2014-07-23,Married,Master
267,Employee_267,Male,2008-10-17,Single,MBA
268,Employee_268,Female,2007-01-09,Single,Master
269,Employee_269,Male,2006-04-04,Married,MBA
270,Employee_270,Female,2013-10-16,Married,MBA
271,Employee_271,Female,2010-08-01,Married,Bachelor
272,Employee_272,Male,2007-03-08,Married,Master
273,Employee_273,Female,2017-07-22,Single,Master
274,Employee_274,Male,2014-04-03,Single,MBA
275,Employee_275,Male,2014-12-12,Married,MBA
276,Employee_276,Male,2004-02-14,Married,Intermediate
277,Employee_277,Male,2016-05-14,Married,Bachelor
278,Employee_278,Male,2011-04-03,Married,Master
279,Employee_279,Male,2020-03-09,Single,Master
280,Employee_280,Male,2009-06-01,Married,Bachelor
281,Employee_281,Male,1999-11-17,Married,Bachelor
282,Employee_282,Male,2004-10-21,Married,Intermediate
283,Employee_283,Male,2002-11-03,Single,Intermediate
284,Employee_284,Male,2004-08-16,Married,Master
285,Employee_285,Male,2008-09-20,Single,Intermediate
286,Employee_286,Female,2016-11-08,Married,Bachelor
287,Employee_287,Female,2004-05-22,Single,Bachelor
288,Employee_288,Male,2006-05-19,Single,MBA
289,Employee_289,Male,2008-06-13,Married,Intermediate
290,Employee_290,Female,2009-09-15,Married,MBA
291,Employee_291,Female,2018-03-03,Single,Intermediate
292,Employee_292,Male,2007-02-06,Married,Bachelor
293,Employee_293,Male,2010-09-27,Married,Intermediate
294,Employee_294,Female,2005-11-14,Single,MBA
295,Employee_295,Female,2009-01-05,Single,Bachelor
296,Employee_296,Female,2015-07-20,Single,Intermediate
297,Employee_297,Male,2006-08-04,Single,Master
298,Employee_298,Male,2010-03-17,Married,MBA
299,Employee_299,Male,2010-03-02,Married,Bachelor
300,Employee_300,Male,2006-05-10,Married,Bachelor
